{
  "id_pedido": 3,
  "data": "2022-05-01",
  "valor_total_itens": 3500.0,
  "valor_frete": 100.0,
  "itens": [
    {
      "id_item": "ITEM003",
      "descricao": "Notebook Dell Inspiron 15 Core i7",
      "valor_unitario": 3500.0,
      "quantidade": 1
    }
  ],
  "destinatario": {
    "nome": "Maria Silva Santos",
    "tipo_pessoa": "FISICA",
    "documentos": [
      {
        "tipo": "CPF",
        "numero": "12345678900"
      }
    ],
    "enderecos": [
      {
        "cep": "01310-100",
        "logradouro": "Av Paulista",
        "numero": "1000",
        "complemento": "Conjunto 101",
        "bairro": "Bela Vista",
        "cidade": "São Paulo",
        "estado": "SP",
        "pais": "Brasil",
        "finalidade": "ENTREGA",
        "regiao": "SUDESTE"
      }
    ]
  }
}
