{
  "id_pedido": 2,
  "data": "2022-05-01",
  "valor_total_itens": 5840.0,
  "valor_frete": 72.0,
  "itens": [
    {
      "id_item": "ITEM002",
      "descricao": "Monitor LCD SAMSUNG 27 polegadas Full HD",
      "valor_unitario": 730.0,
      "quantidade": 8
    }
  ],
  "destinatario": {
    "nome": "Tech Solutions LTDA",
    "tipo_pessoa": "JURIDICA",
    "regime_tributacao": "SIMPLES_NACIONAL",
    "documentos": [
      {
        "tipo": "CNPJ",
        "numero": "49695613000180"
      }
    ],
    "enderecos": [
      {
        "cep": "03105-003",
        "logradouro": "Av do Estado",
        "numero": "5533",
        "complemento": "4 andar B",
        "bairro": "Mooca",
        "cidade": "São Paulo",
        "estado": "SP",
        "pais": "Brasil",
        "finalidade": "ENTREGA",
        "regiao": "SUDESTE"
      }
    ]
  }
}

