{
  "id_pedido": 4,
  "data": "2022-05-01",
  "valor_total_itens": 8500.0,
  "valor_frete": 150.0,
  "itens": [
    {
      "id_item": "ITEM004",
      "descricao": "Servidor Dell PowerEdge R740",
      "valor_unitario": 8500.0,
      "quantidade": 1
    }
  ],
  "destinatario": {
    "nome": "Inovação Tech Sistemas LTDA",
    "tipo_pessoa": "JURIDICA",
    "regime_tributacao": "LUCRO_REAL",
    "documentos": [
      {
        "tipo": "CNPJ",
        "numero": "12345678000190"
      }
    ],
    "enderecos": [
      {
        "cep": "04567-890",
        "logradouro": "Rua dos Desenvolvedores",
        "numero": "500",
        "complemento": "Sala 1001",
        "bairro": "Brooklin",
        "cidade": "São Paulo",
        "estado": "SP",
        "pais": "Brasil",
        "finalidade": "ENTREGA",
        "regiao": "SUDESTE"
      }
    ]
  }
}
