{
  "id_pedido": 5,
  "data": "2022-05-01",
  "valor_total_itens": 2500.0,
  "valor_frete": 80.0,
  "itens": [
    {
      "id_item": "ITEM005",
      "descricao": "Mouse Gamer Logitech",
      "valor_unitario": 250.0,
      "quantidade": 2
    },
    {
      "id_item": "ITEM006",
      "descricao": "Teclado Mecânico RGB",
      "valor_unitario": 500.0,
      "quantidade": 1
    },
    {
      "id_item": "ITEM007",
      "descricao": "Monitor LG 27 polegadas",
      "valor_unitario": 1500.0,
      "quantidade": 1
    }
  ],
  "destinatario": {
    "nome": "Pedro Oliveira Costa",
    "tipo_pessoa": "FISICA",
    "documentos": [
      {
        "tipo": "CPF",
        "numero": "98765432100"
      }
    ],
    "enderecos": [
      {
        "cep": "90000-000",
        "logradouro": "Rua das Flores",
        "numero": "123",
        "complemento": "Apto 501",
        "bairro": "Centro",
        "cidade": "Porto Alegre",
        "estado": "RS",
        "pais": "Brasil",
        "finalidade": "ENTREGA",
        "regiao": "SUL"
      }
    ]
  }
}
