{
  "id_pedido": 1,
  "data": "2022-05-01",
  "valor_total_itens": 100.0,
  "valor_frete": 10.0,
  "itens": [
    {
      "id_item": "ITEM001",
      "descricao": "Teclado USB sem fio",
      "valor_unitario": 50.0,
      "quantidade": 2
    }
  ],
  "destinatario": {
    "nome": "John Doe",
    "tipo_pessoa": "FISICA",
    "documentos": [
      {
        "tipo": "CPF",
        "numero": "88740347095"
      }
    ],
    "enderecos": [
      {
        "cep": "03105-003",
        "logradouro": "Av do Estado",
        "numero": "5533",
        "complemento": "4 andar B",
        "bairro": "Mooca",
        "cidade": "São Paulo",
        "estado": "SP",
        "pais": "Brasil",
        "finalidade": "ENTREGA",
        "regiao": "SUDESTE"
      }
    ]
  }
}

